ImageLocalPath,CurrentPrice
assets/img/products/01-salas/001.png,"$24,500.00"
assets/img/products/01-salas/012.png,"$24,500.00"
assets/img/products/01-salas/002.png,"$24,500.00"
assets/img/products/01-salas/005.png,"$26,500.00"
assets/img/products/01-salas/006.png,"$24,500.00"
assets/img/products/01-salas/007.png,"$24,500.00"
assets/img/products/01-salas/008.png,"$26,500.00"
assets/img/products/01-salas/020.png,"$26,500.00"
assets/img/products/01-salas/009.png,"$26,500.00"
assets/img/products/01-salas/010.png,"$29,500.00"
assets/img/products/01-salas/011.png,"$26,500.00"
assets/img/products/01-salas/013.png,"$26,500.00"
assets/img/products/02-comedores/024.png,"$34,500.00"
assets/img/products/02-comedores/025.png,"$34,500.00"
assets/img/products/02-comedores/026.png,"$47,500.00"
assets/img/products/02-comedores/027.png,"$34,500.00"
assets/img/products/02-comedores/028.png,"$34,500.00"
assets/img/products/02-comedores/029.png,"$26,000.00"
assets/img/products/02-comedores/030.png,"$26,000.00"
assets/img/products/02-comedores/032.png,"$26,000.00"
assets/img/products/02-comedores/033.png,"$26,000.00"
assets/img/products/03-recibidores/088.png,"$13,000.00"
assets/img/products/03-recibidores/070.png,
assets/img/products/03-recibidores/090.png,"$13,000.00"
assets/img/products/03-recibidores/094.png,
assets/img/products/03-recibidores/096.png,"$15,000.00"
assets/img/products/03-recibidores/097.png,"$13,000.00"
assets/img/products/04-sillones/035.png,"$9,500.00"
assets/img/products/04-sillones/038.png,"$9,500.00"
assets/img/products/04-sillones/040.png,"$9,500.00"
assets/img/products/04-sillones/054.png,"$13,500.00"
assets/img/products/04-sillones/075.png,"$5,000.00"
assets/img/products/04-sillones/087.png,"$5,000.00"
assets/img/products/04-sillones/089.png,"$5,000.00"
assets/img/products/04-sillones/095.png,"$4,500.00"
assets/img/products/04-sillones/100.png,"$6,000.00"
assets/img/products/04-sillones/103.png,"$6,000.00"
assets/img/products/05-mecedoras/053.png,"$6,500.00"
assets/img/products/05-mecedoras/044.png,"$6,500.00"
assets/img/products/05-mecedoras/045.png,"$7,000.00"
assets/img/products/05-mecedoras/047.png,"$16,000.00"
assets/img/products/06-sillas/065.png,"$13,000.00"
assets/img/products/06-sillas/071.png,"$4,800.00"
assets/img/products/06-sillas/072.png,"$4,800.00"
assets/img/products/06-sillas/073.png,"$4,800.00"
assets/img/products/06-sillas/074.png,"$5,000.00"
assets/img/products/06-sillas/076.png,"$5,000.00"
assets/img/products/06-sillas/078.png,"$4,800.00"
assets/img/products/06-sillas/079.png,"$5,000.00"
assets/img/products/06-sillas/083.png,"$5,000.00"
assets/img/products/06-sillas/085.png,"$5,000.00"
assets/img/products/06-sillas/093.png,"$5,000.00"
assets/img/products/07-columpios/034.png,"$9,500.00"
assets/img/products/07-columpios/037.png,"$9,500.00"
assets/img/products/07-columpios/039.png,"$9,500.00"
assets/img/products/07-columpios/041.png,"$9,500.00"
assets/img/products/07-columpios/042.png,"$9,500.00"
assets/img/products/07-columpios/036.png,"$9,500.00"
assets/img/products/08-pantallas/120.png,
assets/img/products/08-pantallas/121.png,
assets/img/products/08-pantallas/107.png,
assets/img/products/08-pantallas/109.png,
assets/img/products/08-pantallas/110.png,
assets/img/products/08-pantallas/111.png,
assets/img/products/08-pantallas/112.png,
assets/img/products/08-pantallas/114.png,
assets/img/products/08-pantallas/115.png,
assets/img/products/08-pantallas/116.png,
assets/img/products/08-pantallas/117.png,
assets/img/products/08-pantallas/118.png,
assets/img/products/08-pantallas/119.png,
assets/img/products/09-marcos/126.png,
assets/img/products/09-marcos/122.png,
assets/img/products/09-marcos/123.png,
assets/img/products/09-marcos/124.png,
assets/img/products/09-marcos/125.png,
assets/img/products/10-accesorios/108.png,
assets/img/products/10-accesorios/069.png,
assets/img/products/10-accesorios/104.png,
assets/img/products/10-accesorios/105.png,